insCode,lastDEven,daily
22129017544200,20200516,20230913
94378630649293,20230607,20230913
114312662654155,20230917,20230913
143187001116603,20230702,20230913
163301738200990,20180721,20230913
204092872752957,20230917,20230913
244106582239634,20171213,20230913
284184891779325,20180721,20230913
318005355896147,20230917,20230913
379466056274101,20210519,20230913
408934423224097,20230917,20230913
471543293603227,20230515,20230913
490987973229371,20230702,20230913
495499165983171,20180721,20230913
517453086671514,20220418,20230913
540418221098215,20230510,20230913
589599697502308,20230917,20230913
590761101519570,20191014,20230913
611986653700161,20230917,20230913
651564801186566,20180721,20230913
655060129740445,20230917,20230913
685553375979058,20221212,20230913
778253364357513,20230917,20230913
793710053482057,20230917,20230913
796556604064374,20230917,20230913
831325835570803,20230917,20230913
881618880255065,20221212,20230913
917857106093847,20230917,20230913
971068957336171,20230611,20230913
1050751214677134,20230822,20230913
1123534346391630,20171212,20230913
1200391996585610,20230702,20230913
1241998328504490,20230709,20230913
1245925241417929,20180721,20230913
1277592884769853,20230917,20230913
1301069819790264,20230917,20230913
1314853494617240,20230531,20230913
1358190916156744,20230917,20230913
1359959101711313,20180721,20230913
1438514795814416,20230227,20230913
1625149423498289,20230917,20230913
1771069330721898,20220412,20230913
1775538989481366,20230717,20230913
1778142796834142,20230702,20230913
1806692551822666,20230607,20230913
1811292893243712,20220525,20230913
1822787329898392,20230917,20230913
1852132120586484,20171213,20230913
1860384396424573,20230111,20230913
1911343624441437,20210220,20230913
1931037287459558,20230909,20230913
2019449432639594,20230812,20230913
2050740941534952,20200823,20230913
2122354233695079,20200610,20230913
2135047529277416,20230830,20230913
2147129961448440,20230702,20230913
2161110547458064,20230702,20230913
2254054929817435,20230917,20230913
2262715289665960,20230419,20230913
2287142185257795,20230904,20230913
2318736941376687,20230917,20230913
2328862017676109,20230917,20230913
2334276998450282,20230131,20230913
2362491091971813,20171213,20230913
2400322364771558,20230917,20230913
2432718060936300,20230917,20230913
2434703913394836,20230917,20230913
2501017203331667,20230111,20230913
2512214120008228,20230917,20230913
2589887561569709,20230917,20230913
2696258159590598,20230515,20230913
2705253775088582,20200929,20230913
2736448581569857,20230821,20230913
2786094660320231,20210828,20230913
2819110578357790,20200216,20230913
2855515398698068,20230809,20230913
2888358730233310,20221212,20230913
2892746204060110,20220828,20230913
2929948497881810,20221212,20230913
2944500421562364,20230917,20230913
3019817952865782,20220906,20230913
3037464497437282,20180101,20230913
3050342257199174,20230917,20230913
3050805371360862,20210918,20230913
3083005592739412,20180721,20230913
3149396562827132,20230917,20230913
3164894984700505,20230502,20230913
3173544097113770,20230917,20230913
3203898026678865,20230607,20230913
3231489895425696,20180721,20230913
3329167699100936,20230515,20230913
3362850293262749,20221129,20230913
3370493881245014,20230717,20230913
3388451018224720,20171213,20230913
3407806799514469,20230917,20230913
3426578415893871,20190908,20230913
3427503698999958,20200930,20230913
3453027360500664,20221212,20230913
3454456635278563,20180721,20230913
3490763436807651,20220525,20230913
3492952121304423,20230917,20230913
3493306453706327,20230917,20230913
3505675353152597,20230111,20230913
3542690854557886,20230123,20230913
3577388800305243,20220906,20230913
3615666621538524,20171212,20230913
3623921205367364,20230917,20230913
3641651712782169,20220906,20230913
3654864906585643,20230917,20230913
3679885359158219,20171213,20230913
3715246194918044,20221212,20230913
3722699128879020,20230917,20230913
3727693296236633,20171213,20230913
3823146019192598,20220418,20230913
3826561665587230,20230702,20230913
3839324986781871,20230917,20230913
3846143218462419,20230703,20230913
3852548583453231,20171213,20230913
3863538898378476,20230917,20230913
3893110467363738,20200823,20230913
3894699865003304,20230607,20230913
3917385912636499,20180721,20230913
3955137492069792,20230607,20230913
3955332316338258,20230917,20230913
3994823794687025,20181216,20230913
3997755616402545,20230607,20230913
4039883656662701,20230709,20230913
4144074544456596,20230607,20230913
4151098369137517,20230607,20230913
4159532151694984,20230917,20230913
4168935911775744,20230607,20230913
4202223580392187,20220418,20230913
4208841225215712,20201202,20230913
4216536645718658,20230227,20230913
4247709727327181,20230917,20230913
4267564158935326,20230917,20230913
4287217773498527,20180721,20230913
4312836939310355,20230702,20230913
4325911723150569,20190220,20230913
4338173689017034,20221212,20230913
4339000305241208,20221212,20230913
4351174618872221,20171213,20230913
4369934250728330,20230917,20230913
4384288570322406,20230917,20230913
4395741730355818,20230515,20230913
4444560651904989,20230607,20230913
4470657233334072,20230917,20230913
4507558419857064,20230917,20230913
4523009251964699,20230813,20230913
4528607775462304,20230917,20230913
4548649177325855,20230325,20230913
4563413583000719,20230917,20230913
4614779520007780,20230917,20230913
4626686276232042,20230724,20230913
4654922806626448,20171212,20230913
4659957480182399,20221212,20230913
4686607974846832,20230917,20230913
4687803927401790,20230917,20230913
4696778151668001,20230607,20230913
4733285133017464,20230917,20230913
4758266259250794,20230917,20230913
4850272661730246,20230917,20230913
4885314541377431,20230917,20230913
4901886287361309,20230717,20230913
4942127026063388,20230917,20230913
5019865278498569,20180721,20230913
5054819322815158,20230917,20230913
5126621656875241,20190608,20230913
5128151910501174,20230917,20230913
5155664898275492,20180721,20230913
5181039426047414,20220906,20230913
5187018329202415,20230917,20230913
5201689540063021,20230607,20230913
5203880991539408,20191008,20230913
5289443384174453,20220412,20230913
5301085788082941,20220525,20230913
5305844922895340,20230917,20230913
5317427172344706,20230917,20230913
5325443374224010,20230917,20230913
5427792638736934,20230917,20230913
5454781314262062,20230917,20230913
5516102131364383,20230917,20230913
5547896159175454,20211222,20230913
5549857188372213,20220906,20230913
5550649038347558,20230628,20230913
5564768007356822,20230917,20230913
5599691633622269,20230917,20230913
5648656842888275,20220126,20230913
5661338086089059,20180721,20230913
5783022996598513,20230328,20230913
5798407779416661,20171213,20230913
5811747532754081,20211009,20230913
5818838554339991,20211009,20230913
5860844072616896,20230917,20230913
5866848234665627,20230917,20230913
5895320180657507,20220418,20230913
5898511005624629,20200929,20230913
5920319552619760,20230731,20230913
5920901446678689,20230917,20230913
5968811612822747,20230917,20230913
5987841496184505,20230917,20230913
6043384171800349,20230917,20230913
6072844413711540,20221212,20230913
6110133418282108,20230917,20230913
6116572045021585,20230917,20230913
6131290133202745,20230917,20230913
6131416152062735,20210711,20230913
6257725767708176,20180721,20230913
6388767545512151,20180721,20230913
6406022861133765,20180721,20230913
6433335428452486,20230917,20230913
6478064539164167,20230917,20230913
6479253536750886,20180721,20230913
6491687805743913,20230627,20230913
6506179926371994,20230917,20230913
6544645716121372,20171213,20230913
6658301253105363,20230828,20230913
6700951770411072,20220726,20230913
6757220448540984,20230917,20230913
6760432273898471,20230607,20230913
6792309561698443,20230423,20230913
6803271730717705,20171213,20230913
6847536925606808,20230917,20230913
6951212170412722,20221212,20230913
7183333492448248,20230917,20230913
7235435095059069,20230917,20230913
7268401059874834,20230708,20230913
7300125658580126,20230917,20230913
7344049213610626,20221212,20230913
7385624172574740,20230917,20230913
7395271748414592,20230917,20230913
7420013136569528,20180721,20230913
7457232989848872,20230917,20230913
7483280423474368,20230917,20230913
7486145189544149,20171213,20230913
7502817477690380,20221019,20230913
7503566413749235,20211009,20230913
7503669593172728,20230917,20230913
7505613986635677,20230917,20230913
7505990056227818,20230917,20230913
7552447676872484,20180721,20230913
7558856684488892,20221212,20230913
7585208964980608,20210530,20230913
7598121347840396,20230607,20230913
7619581461589857,20230111,20230913
7628308021169118,20230917,20230913
7632696113249142,20230627,20230913
7666290855904557,20200526,20230913
7670135462634715,20230513,20230913
7681671915916933,20230909,20230913
7694150664765911,20201205,20230913
7711282667602555,20230917,20230913
7715968593254705,20221212,20230913
7745894403636165,20230917,20230913
7768327419174840,20230917,20230913
7769065543658313,20230917,20230913
7801308453280535,20230607,20230913
7813200549560081,20230607,20230913
7863570390410066,20230717,20230913
7902182071079987,20221212,20230913
7920014658832193,20230917,20230913
7938904494569702,20221212,20230913
8027198225150004,20221212,20230913
8116792664359849,20220716,20230913
8152002614711054,20221212,20230913
8174243655864577,20221212,20230913
8175268772799530,20200823,20230913
8175784894140974,20230917,20230913
8187498148443422,20180721,20230913
8199503231048929,20230607,20230913
8234855558996646,20230917,20230913
8245207996110059,20180721,20230913
8279693426955446,20200823,20230913
8303557992090046,20210914,20230913
8384385859414435,20171213,20230913
8403167990439117,20230917,20230913
8444217089800070,20220418,20230913
8493402572044871,20221212,20230913
8546641293412808,20230607,20230913
8603978909726038,20230515,20230913
8605864619430858,20230102,20230913
8632180647649495,20230613,20230913
8646067353086740,20230917,20230913
8676363345079392,20171213,20230913
8685676232487546,20230607,20230913
8725363201030474,20230917,20230913
8731565448647588,20200823,20230913
8790413783522890,20221102,20230913
8817369445940242,20180721,20230913
8897331139163152,20230607,20230913
8900726085939949,20171212,20230913
8905255747609110,20230717,20230913
8915450910866216,20230917,20230913
8977369674477111,20230917,20230913
8977441217024425,20230917,20230913
8981227815720204,20230917,20230913
8992202615765020,20191014,20230913
9075805849723903,20230607,20230913
9097515773407564,20180721,20230913
9098178887955847,20230917,20230913
9130678791176482,20180721,20230913
9141577977527107,20230917,20230913
9171279728707865,20210613,20230913
9253164172599337,20230607,20230913
9375107506435996,20230903,20230913
9426409412915340,20220525,20230913
9446254658865991,20180721,20230913
9481703061634967,20230917,20230913
9536587154100457,20230917,20230913
9546211590069761,20230815,20230913
9586715245691917,20190618,20230913
9609565131304189,20180721,20230913
9615049964433782,20230821,20230913
9668593549286900,20230607,20230913
9698674686691945,20230917,20230913
9708343766978217,20210310,20230913
9735952970352083,20180721,20230913
9761381741308262,20230917,20230913
9866485009925582,20171213,20230913
9873430050367304,20230515,20230913
9882348775152461,20220906,20230913
9925324137489171,20230805,20230913
9925667573671884,20180721,20230913
9956888831468521,20230917,20230913
9987529074833218,20230917,20230913
10018675423568797,20200930,20230913
10024128313803797,20230917,20230913
10051281467803178,20180910,20230913
10055255678920880,20230917,20230913
10079795343879888,20230114,20230913
10114441830266109,20230917,20230913
10120557300120078,20230917,20230913
10134751929001651,20171213,20230913
10145129193828624,20230227,20230913
10157407031358922,20171213,20230913
10168197471714005,20230114,20230913
10171945867136336,20230917,20230913
10191122735393627,20230917,20230913
10226952378814458,20180721,20230913
10231600590694992,20230607,20230913
10236455588057352,20230917,20230913
10339760823334065,20221212,20230913
10411249540376641,20230917,20230913
10455424349923115,20230607,20230913
10465655034123314,20230904,20230913
10497143354080476,20230917,20230913
10523825119011581,20171213,20230913
10568944722570445,20230917,20230913
10573071518775932,20221212,20230913
10587006028472176,20230917,20230913
10623013976366443,20230607,20230913
10654052153538617,20230917,20230913
10677799813511467,20220828,20230913
10681482576452029,20210908,20230913
10741091548027385,20220516,20230913
10795723506538053,20230227,20230913
10814280156273322,20211009,20230913
10831074117626896,20230917,20230913
10836368596667625,20210919,20230913
10843114830116591,20230917,20230913
10915288223616741,20180721,20230913
11006334882585136,20180721,20230913
11013227010066353,20171213,20230913
11019264549255051,20221212,20230913
11048663299859339,20180721,20230913
11069747713632889,20230607,20230913
11076376841181452,20180721,20230913
11129387075131725,20230917,20230913
11183410572675415,20180403,20230913
11188958204590313,20180721,20230913
11214189898887899,20180721,20230913
11258722998911897,20230917,20230913
11285885633824855,20230227,20230913
11301273980316268,20230515,20230913
11358107932902023,20230917,20230913
11362390613365284,20221212,20230913
11372565594192822,20230130,20230913
11373255655518380,20221212,20230913
11385948838337592,20230826,20230913
11403770140000603,20230917,20230913
11427939669935844,20221119,20230913
11432067920374603,20230917,20230913
11451389074113298,20171212,20230913
11452654295102268,20180721,20230913
11560002870991149,20230917,20230913
11599352365626742,20190907,20230913
11622051128546106,20230917,20230913
11773403764702778,20230917,20230913
11800678942469896,20230607,20230913
11827297444577200,20230917,20230913
11874252353466469,20210918,20230913
11927496285559135,20221212,20230913
11936058301634784,20190113,20230913
11964419322927535,20230917,20230913
11983309826062040,20230607,20230913
12004613727363965,20220906,20230913
12030217243155821,20230820,20230913
12041217376571987,20220730,20230913
12066101019489029,20220418,20230913
12088545433107773,20171213,20230913
12089903491411130,20230717,20230913
12098305247593017,20230607,20230913
12102661826147720,20180721,20230913
12230571636239922,20210202,20230913
12231544096052404,20171213,20230913
12285081244484140,20230917,20230913
12303918642491681,20230917,20230913
12325948714115825,20221212,20230913
12329519546621752,20230917,20230913
12331083953323969,20171212,20230913
12338753854555828,20180721,20230913
12364611634133528,20180721,20230913
12387472624849835,20230917,20230913
12390706505809150,20220612,20230913
12490072956930435,20230917,20230913
12516694598681937,20230607,20230913
12638840758449459,20230917,20230913
12639781184165880,20220413,20230913
12640914468677503,20230607,20230913
12660940572636629,20220418,20230913
12746730665870442,20230917,20230913
12752224677923341,20230917,20230913
12777578088653944,20230917,20230913
12794184338378703,20180721,20230913
12861919320832022,20180721,20230913
12874072841236826,20230917,20230913
12879610711255378,20230607,20230913
12901875871456398,20230917,20230913
12913156843322499,20230701,20230913
12950089213578221,20230717,20230913
12964716133621704,20171213,20230913
12965822877128721,20230917,20230913
13010835010902276,20230111,20230913
13083555452743181,20171213,20230913
13135145986505508,20180721,20230913
13205142633737582,20220412,20230913
13227300125161435,20230917,20230913
13235547361447092,20230917,20230913
13235969998952202,20171212,20230913
13243992182070788,20230917,20230913
13281937213456378,20230917,20230913
13308396407628501,20200929,20230913
13308788562230031,20220906,20230913
13326481658514442,20181007,20230913
13374585544901408,20230814,20230913
13391692397871251,20230607,20230913
13393354143485328,20230917,20230913
13461179188856487,20211009,20230913
13482565247432073,20171213,20230913
13611044044646901,20230917,20230913
13628968289488697,20200823,20230913
13666407494621646,20220906,20230913
13666774088286918,20230115,20230913
13778389952963406,20171213,20230913
13806982932031039,20230702,20230913
13891373690607361,20221212,20230913
13937270451301973,20230917,20230913
13960178787771882,20230607,20230913
14027767200567014,20230717,20230913
14031158866706953,20230917,20230913
14061767679814842,20230704,20230913
14073782708315535,20230917,20230913
14079693677610396,20230917,20230913
14098803458396918,20180721,20230913
14117895006628578,20230607,20230913
14153483684603257,20221129,20230913
14230681955555738,20230227,20230913
14231831499205396,20230917,20230913
14272187704164673,20180721,20230913
14306042760194272,20220518,20230913
14312030900097668,20230917,20230913
14316127499745589,20230911,20230913
14318003495049441,20180721,20230913
14364842601603807,20210530,20230913
14398278072324784,20230917,20230913
14427168056799610,20230917,20230913
14433522880497810,20230724,20230913
14617104402836487,20230917,20230913
14651627750314021,20171212,20230913
14659267774417019,20211206,20230913
14663058283318471,20220418,20230913
14744445176220774,20230917,20230913
14798249266057986,20221212,20230913
14800142337291217,20230917,20230913
14819787164502995,20221225,20230913
14825024264732797,20180721,20230913
14865390259501860,20180904,20230913
14880127004206268,20230917,20230913
14916489896692147,20230917,20230913
14925348052932291,20220906,20230913
14957056743925737,20230917,20230913
14983273215576895,20221129,20230913
14985138705106402,20230917,20230913
15039949673085566,20230917,20230913
15051250632990893,20230917,20230913
15087647672146929,20230215,20230913
15090491830692116,20230515,20230913
15092520257063028,20220607,20230913
15124889255100138,20230515,20230913
15224214406952218,20220418,20230913
15231094335720879,20230124,20230913
15259343650667588,20230917,20230913
15282093177363578,20230917,20230913
15374483986949695,20230917,20230913
15382536693247714,20210914,20230913
15386033251001077,20190908,20230913
15406006540387078,20200929,20230913
15424938732223941,20221212,20230913
15451317146134956,20230227,20230913
15467183288337240,20221129,20230913
15472396110662150,20230917,20230913
15494954332657697,20230227,20230913
15508900928481581,20171212,20230913
15521712617204216,20230917,20230913
15581863918201593,20211009,20230913
15582754946564355,20180721,20230913
15673952022915263,20221102,20230913
15726796686853780,20230917,20230913
15731047379849033,20230111,20230913
15783832138614569,20221212,20230913
15868116507376197,20220521,20230913
15890655003477913,20221212,20230913
15906563225787022,20230723,20230913
15917865009187760,20230917,20230913
15930821245168534,20230917,20230913
15949743338644220,20230917,20230913
15962072736526551,20230917,20230913
16040900750729921,20230702,20230913
16046474774547470,20230607,20230913
16056283141617755,20230227,20230913
16164451491521441,20230717,20230913
16236181211342354,20221212,20230913
16241626483941113,20220525,20230913
16248560650746385,20180808,20230913
16271659134521666,20230917,20230913
16303324355390262,20221212,20230913
16368754219878684,20230607,20230913
16369313804633525,20230917,20230913
16370154440238855,20230917,20230913
16374922288786629,20230607,20230913
16385144332417446,20210825,20230913
16405556680571453,20230917,20230913
16406868012951979,20230717,20230913
16410724132711490,20230917,20230913
16422980660132735,20230917,20230913
16471519272060905,20171213,20230913
16553062355259729,20230917,20230913
16566273757667380,20171213,20230913
16567465928886309,20230917,20230913
16578517055478811,20230917,20230913
16600572108732428,20230917,20230913
16630588761222078,20230627,20230913
16673205196919832,20230917,20230913
16693610252404739,20230917,20230913
16777570760181431,20230917,20230913
16843404477481740,20230917,20230913
16959429956899455,20230917,20230913
16984771612846489,20230717,20230913
17043857246932770,20180721,20230913
17059960254855208,20230917,20230913
17080537778426884,20171213,20230913
17081426540353962,20180721,20230913
17166179154270422,20220906,20230913
17172110902132641,20180721,20230913
17185906359043494,20220906,20230913
17197203950543191,20171213,20230913
17217689629682758,20180721,20230913
17226661368470120,20230227,20230913
17232252152159494,20230917,20230913
17237314339763699,20200614,20230913
17254092857500587,20220418,20230913
17269972595370241,20230917,20230913
17284166795866794,20230917,20230913
17294951120469927,20230315,20230913
17299508146321256,20180721,20230913
17318451171925318,20221012,20230913
17330546482145553,20230917,20230913
17402090607466366,20230430,20230913
17489918101053443,20220906,20230913
17528249960294496,20230917,20230913
17605403389426895,20220108,20230913
17617474823279712,20230917,20230913
17645323253056599,20180721,20230913
17649149765849787,20230717,20230913
17661113951261114,20230702,20230913
17758788623651072,20230515,20230913
17800036702302776,20230917,20230913
17806219904343709,20230903,20230913
17828928229984367,20180721,20230913
17833511227457172,20180721,20230913
17834623106317041,20230917,20230913
17861226991775136,20190128,20230913
17914401175772326,20230328,20230913
17933573078185644,20230917,20230913
17939384202383793,20230917,20230913
17941426325664429,20221212,20230913
17962922465424480,20230717,20230913
18004480270695404,20230917,20230913
18007109712724189,20220906,20230913
18027801615184692,20230917,20230913
18063426072758458,20230917,20230913
18067743398074470,20210207,20230913
18079534829579164,20190907,20230913
18093681647131179,20230917,20230913
18154205800023055,20210524,20230913
18303237082155264,20230917,20230913
18334800842514528,20230826,20230913
18346219759153870,20230917,20230913
18401147983387689,20230917,20230913
18568733593280948,20230917,20230913
18568915061663137,20221212,20230913
18599703143458101,20230917,20230913
18606531596412776,20221212,20230913
18661507395759423,20230917,20230913
18668624820225527,20230717,20230913
18683861709119246,20221212,20230913
18733719742989734,20230726,20230913
18780171241610744,20171213,20230913
18850167694315175,20230717,20230913
18855357827822814,20180721,20230913
18865325633315847,20230227,20230913
18873298877346976,20210626,20230913
18883380772506226,20230917,20230913
18919451747622263,20230903,20230913
18944852052979320,20230607,20230913
18990349556980675,20230607,20230913
19004539003883795,20230607,20230913
19024886606470752,20221212,20230913
19027978305388097,20221212,20230913
19040514831923530,20230917,20230913
19060410060488876,20230801,20230913
19074684560939209,20230917,20230913
19106496156354497,20220906,20230913
19120684319502050,20220418,20230913
19144924610135716,20221212,20230913
19174812964848627,20210530,20230913
19216138630342675,20220413,20230913
19219679288446732,20171212,20230913
19236082741801504,20190908,20230913
19257295292088310,20230917,20230913
19298748452450329,20230917,20230913
19306562798128539,20210908,20230913
19310456400689867,20230917,20230913
19346156681228707,20230607,20230913
19348717261145458,20230917,20230913
19367527798307032,20230917,20230913
19422557949258041,20221120,20230913
19429005738572326,20220418,20230913
19471788163911687,20230917,20230913
19475769871065382,20180721,20230913
19511179561056679,20230917,20230913
19587113900259777,20230607,20230913
19717343975708874,20220125,20230913
19781077932203326,20230607,20230913
19828734979381742,20230709,20230913
19853987870179776,20200929,20230913
19954896371640204,20230917,20230913
19990581743778955,20230917,20230913
20024911381434086,20230917,20230913
20044076668988655,20230114,20230913
20069240924792138,20221212,20230913
20082736855988443,20230607,20230913
20133434564923831,20230717,20230913
20200806340698468,20230201,20230913
20213770409093165,20171212,20230913
20219449694505209,20230515,20230913
20236748310756911,20230917,20230913
20249462272216900,20230917,20230913
20272770791380597,20200929,20230913
20277841048962226,20230917,20230913
20278348345530119,20180520,20230913
20300372560291314,20200823,20230913
20381036241470518,20171213,20230913
20411759370751096,20230917,20230913
20450807696007580,20230723,20230913
20453828618330936,20230917,20230913
20487994977117557,20230917,20230913
20536030960229486,20230607,20230913
20560887114747719,20230917,20230913
20562694899904339,20230917,20230913
20593887444073437,20171213,20230913
20610153643209375,20230806,20230913
20611319144970886,20210906,20230913
20622681776256207,20221129,20230913
20626178773287666,20180721,20230913
20652241232631918,20230917,20230913
20718185517159967,20230607,20230913
20724324387432359,20180721,20230913
20865316761157979,20230917,20230913
20909901812271390,20200526,20230913
20911641259091017,20230717,20230913
20926459161497908,20230917,20230913
20966291817819448,20230917,20230913
21030786915898705,20180721,20230913
21045502280375439,20230917,20230913
21060013856976725,20171213,20230913
21066721937819577,20230806,20230913
21077182490095731,20230702,20230913
21096748051392414,20230917,20230913
21139307601252472,20230702,20230913
21166660564301770,20221212,20230913
21294020791802550,20230607,20230913
21350214000597969,20180721,20230913
21411099322114521,20210825,20230913
21420579611076234,20220910,20230913
21426277483799140,20230123,20230913
21432551703060846,20230917,20230913
21500060221654011,20230304,20230913
21501758781665781,20230917,20230913
21522990643077548,20221212,20230913
21533807502850906,20220126,20230913
21637852787679265,20230607,20230913
21657955626134676,20230702,20230913
21727652065573865,20230909,20230913
21770536721753496,20230206,20230913
21772258644715569,20230917,20230913
21825376398132736,20180721,20230913
21903271801994876,20230717,20230913
21948907150049163,20171212,20230913
22002589755112021,20220906,20230913
22014091628248921,20221212,20230913
22026498789176614,20220131,20230913
22067354885788211,20230607,20230913
22086876724551482,20230917,20230913
22087269603540841,20230917,20230913
22096199430853991,20171213,20230913
22164355468450959,20221212,20230913
22212731893111773,20230917,20230913
22218966388689725,20230718,20230913
22255783119783047,20230917,20230913
22259718159702272,20230917,20230913
22260326095996531,20230917,20230913
22275596386264204,20230917,20230913
22276798221643766,20230917,20230913
22299894048845903,20230917,20230913
22308305646551497,20230917,20230913
22318795784160675,20230917,20230913
22382156782768756,20230917,20230913
22390160904430441,20180721,20230913
22424135367941584,20230917,20230913
22427604495160869,20230917,20230913
22490169030401337,20230917,20230913
22494526379345092,20220607,20230913
22542452157560209,20180721,20230913
22545149639511257,20230702,20230913
22560050433388046,20230917,20230913
22593055235603880,20230607,20230913
22621206163110026,20230917,20230913
22645269567765904,20230917,20230913
22665633526004960,20230607,20230913
22667016906590506,20230917,20230913
22787503301679573,20230917,20230913
22811176775480091,20230917,20230913
22839330962768817,20220906,20230913
22888586915320734,20230607,20230913
22903901709044823,20230917,20230913
22941065011246116,20230917,20230913
22950683624908253,20230917,20230913
22956708386610464,20230917,20230913
23049019886587905,20230917,20230913
23086515493897579,20230917,20230913
23142133203996048,20211009,20230913
23175320865252772,20230917,20230913
23185568638908069,20200929,20230913
23214828924506640,20230917,20230913
23257748575526845,20230607,20230913
23269285154135003,20230917,20230913
23293437377896568,20230917,20230913
23320741230037790,20230318,20230913
23353689102956991,20230917,20230913
23358076115432411,20221212,20230913
23374429962331387,20230917,20230913
23441366113375722,20230917,20230913
23458117616920867,20210530,20230913
23484847504768205,20191204,20230913
23498719713662118,20230819,20230913
23552683239901730,20171213,20230913
23557166059925779,20230917,20230913
23581215918684761,20221212,20230913
23600798892801694,20230917,20230913
23628442955387175,20230828,20230913
23684361061669860,20230702,20230913
23695001747840020,20181016,20230913
23737719554962015,20221212,20230913
23781657998194558,20230917,20230913
23791232955302467,20221212,20230913
23837844039713715,20230917,20230913
23843877872814145,20230917,20230913
23891830829322971,20230917,20230913
23936607891892333,20230917,20230913
23995635929424183,20230607,20230913
24079409192818584,20230917,20230913
24082902657114448,20230717,20230913
24085906177899789,20230917,20230913
24187097921483699,20171212,20230913
24212636157410845,20230917,20230913
24253947487334809,20230917,20230913
24254843881948059,20230917,20230913
24303422207378456,20230917,20230913
24371538373380305,20230607,20230913
24472556975056129,20221212,20230913
24568263705196097,20230607,20230913
24605674228351422,20230607,20230913
24620582002578362,20230812,20230913
24625617153696931,20230607,20230913
24644999329120295,20230917,20230913
24651394045981418,20230513,20230913
24662567615903665,20230917,20230913
24700915949765656,20180721,20230913
24733701189547084,20171212,20230913
24734871905109354,20230114,20230913
24779787662870476,20210825,20230913
24785665268004766,20230917,20230913
24807173016704795,20230917,20230913
24832054403183361,20200823,20230913
24832515281647747,20230607,20230913
24864955678633428,20221212,20230913
24869832924911721,20230702,20230913
24907784641855842,20230723,20230913
25001509088465005,20230917,20230913
25018856872742529,20230108,20230913
25020657188512139,20230917,20230913
25043059770705816,20171213,20230913
25080419871048809,20180721,20230913
25095385550006158,20180721,20230913
25129304172501430,20171213,20230913
25163959460949732,20171212,20230913
25180702353416009,20230917,20230913
25211433301660888,20230917,20230913
25215182208950217,20230917,20230913
25230302785580254,20230917,20230913
25244329144808274,20230917,20230913
25286509736208688,20230917,20230913
25328018826422512,20200304,20230913
25336820825905643,20230917,20230913
25357135030606405,20230917,20230913
25387056990464790,20230703,20230913
25410055451145088,20180721,20230913
25417476013479486,20230917,20230913
25435625417909263,20220906,20230913
25453948523266987,20230702,20230913
25489258878590110,20210919,20230913
25514780181345713,20230917,20230913
25533816569630235,20230607,20230913
25559236668122210,20230830,20230913
25594133778259557,20230607,20230913
25631699615003698,20230917,20230913
25661711955019337,20171213,20230913
25685504838927055,20230607,20230913
25709155798105216,20180721,20230913
25752723009842207,20230910,20230913
25758309844190279,20230607,20230913
25766336681098389,20171212,20230913
25832315372089844,20180721,20230913
25879082553156895,20171213,20230913
25896842749407120,20210421,20230913
25919132649861263,20210906,20230913
26014913469567886,20230917,20230913
26025177574491991,20230917,20230913
26030180117829827,20211212,20230913
26090464295830176,20230701,20230913
26101163974788298,20230903,20230913
26142199530487668,20171213,20230913
26259366519412975,20230917,20230913
26314668128957507,20171213,20230913
26316376625263940,20230917,20230913
26352122361745211,20230226,20230913
26394712225370902,20230607,20230913
26543014712914772,20230917,20230913
26547362091465395,20230515,20230913
26547785441834730,20230917,20230913
26622634572348721,20230702,20230913
26643740599997035,20230114,20230913
26780282166315918,20230702,20230913
26805086797073180,20221212,20230913
26824673819862694,20230917,20230913
26881786652328215,20181219,20230913
26882843763780650,20230917,20230913
26890571579123884,20221212,20230913
26927142986179586,20221212,20230913
26972528518663385,20171213,20230913
26997316501080743,20230917,20230913
27000326841257664,20230917,20230913
27061507162558956,20180721,20230913
27096851668435724,20230917,20230913
27127447358059059,20210918,20230913
27148572013604038,20230917,20230913
27157296306913953,20180721,20230913
27216330574067832,20190325,20230913
27218386411183410,20230917,20230913
27220069106600682,20220418,20230913
27221698970690062,20180721,20230913
27259484209117565,20221212,20230913
27299841173245405,20230917,20230913
27308217070238237,20230917,20230913
27319652872658388,20230607,20230913
27338175838625962,20221212,20230913
27405735172634593,20230917,20230913
27419879613292222,20230702,20230913
27498681981248175,20230607,20230913
27582732388235259,20221003,20230913
27646919277667844,20221212,20230913
27668158733246204,20230917,20230913
27691133856191895,20230607,20230913
27729386420118206,20210907,20230913
27741038536131458,20221212,20230913
27759765678224609,20230607,20230913
27797446447955609,20230702,20230913
27812005859539773,20230515,20230913
27823796778173650,20230607,20230913
27857905114371789,20200526,20230913
27922860956133067,20230917,20230913
27952969918967492,20230917,20230913
27971147929780521,20221220,20230913
28033133021443774,20230917,20230913
28096527110269576,20180721,20230913
28113762644272931,20230702,20230913
28147934478934110,20230917,20230913
28193210058353265,20210428,20230913
28230238564334914,20230917,20230913
28251956446987982,20230917,20230913
28253678449273505,20230917,20230913
28291104595448527,20230917,20230913
28320293733348826,20230917,20230913
28325731560106431,20230917,20230913
28326570978858383,20230607,20230913
28328083629154916,20230917,20230913
28328710198554144,20230917,20230913
28374437855144739,20230410,20230913
28393053173456669,20220813,20230913
28431095903407567,20230917,20230913
28450080638096732,20230917,20230913
28453556872765526,20220906,20230913
28533890681853700,20230702,20230913
28541128073053383,20181020,20230913
28551661889797217,20230227,20230913
28570444064425663,20171213,20230913
28593434160948209,20190902,20230913
28654679332351375,20180721,20230913
28672095850798501,20230917,20230913
28711499450482077,20210921,20230913
28725056634066391,20230717,20230913
28748463035212388,20230828,20230913
28749125862783655,20230515,20230913
28788598290160782,20220906,20230913
28809886765682162,20230917,20230913
28845264556937486,20230917,20230913
28854105556435129,20230917,20230913
28864540805361867,20230917,20230913
28957320033282870,20230917,20230913
29075808594290931,20230111,20230913
29122854902865456,20230917,20230913
29145566942640151,20180721,20230913
29184718087541648,20171213,20230913
29195987083197059,20171213,20230913
29247915161590165,20230917,20230913
29316948750916349,20230917,20230913
29331053506731535,20171212,20230913
29415178094395276,20221212,20230913
29471826302648725,20200523,20230913
29512568608949554,20210207,20230913
29590002988360984,20230917,20230913
29613965573304738,20230702,20230913
29628038996571162,20230717,20230913
29668622727981703,20200607,20230913
29716513021318095,20220316,20230913
29747059672582491,20230917,20230913
29758477602878557,20230917,20230913
29763883614455544,20220628,20230913
29833500068899176,20230607,20230913
29839331402153595,20201124,20230913
29860265627578401,20230917,20230913
29882244560576007,20230917,20230913
29935695527853744,20221212,20230913
29963964834392911,20230607,20230913
29970481413277747,20230607,20230913
29974853866926823,20230917,20230913
29990078640171531,20230607,20230913
30007580613586002,20230917,20230913
30038978589192551,20180721,20230913
30106839080444358,20171212,20230913
30215634246748564,20230227,20230913
30231789123900526,20230917,20230913
30282299500988269,20230702,20230913
30399039934945809,20230917,20230913
30416996452264502,20190310,20230913
30443839313522574,20230917,20230913
30447901674051381,20230917,20230913
30507152381699953,20230917,20230913
30541878254768639,20230607,20230913
30551124291517887,20230111,20230913
30561102210568623,20221129,20230913
30582275818828857,20230521,20230913
30592968583865547,20180721,20230913
30650426998863332,20230917,20230913
30655480864841493,20171213,20230913
30703140537034664,20230917,20230913
30719054967088301,20230917,20230913
30756584974640550,20200823,20230913
30762816122316539,20230830,20230913
30765727085936322,20230917,20230913
30801484454172783,20230917,20230913
30829203706095076,20230917,20230913
30852391633490755,20230917,20230913
30974710508383145,20230917,20230913
30999877195114948,20230607,20230913
31024260997481994,20230917,20230913
31039212000825988,20230702,20230913
31049085025064185,20230917,20230913
31078457170311964,20230917,20230913
31159891095753824,20200208,20230913
31188566503248753,20230702,20230913
31248540252187559,20220906,20230913
31366347648583654,20230227,20230913
31435545119454895,20211009,20230913
31529165012057847,20220906,20230913
31569200988534548,20230702,20230913
31665897154579581,20230607,20230913
31723276281575803,20180721,20230913
31791737198597563,20230917,20230913
31805923413809494,20230607,20230913
31879190587976736,20230917,20230913
31913287805282551,20230709,20230913
31940133965609434,20220108,20230913
31959715133485440,20230917,20230913
32051979696170482,20230717,20230913
32080380326575683,20171213,20230913
32097828799138957,20171212,20230913
32112121249636248,20230214,20230913
32137835359818517,20211215,20230913
32228672111987764,20230801,20230913
32257753560585502,20230917,20230913
32338211917133256,20200823,20230913
32347247706508046,20230917,20230913
32357363984168442,20230917,20230913
32397655016424159,20230607,20230913
32425362809965324,20230829,20230913
32453344048876642,20171212,20230913
32469128621155736,20230621,20230913
32512426572922515,20190908,20230913
32525655729432562,20230917,20230913
32575690244214247,20230621,20230913
32669817266382439,20220501,20230913
32678431934327184,20230917,20230913
32679348534913643,20230703,20230913
32706358593798697,20221212,20230913
32775115857585121,20221129,20230913
32776329010736461,20190908,20230913
32784604551756178,20230917,20230913
32821908911812078,20230917,20230913
32845891587040106,20230917,20230913
32874370564962210,20211212,20230913
32952997755199101,20211218,20230913
32982652838367432,20230702,20230913
33001954978772949,20230812,20230913
33003065739216642,20230607,20230913
33124462307941707,20230114,20230913
33144542989832366,20221102,20230913
33220705750260507,20180721,20230913
33254899395816171,20220612,20230913
33271958125916103,20180721,20230913
33293588228706998,20230917,20230913
33299917803447720,20230717,20230913
33400647129589624,20180721,20230913
33406621820337161,20230917,20230913
33407851615887009,20230717,20230913
33410001534682920,20230917,20230913
33420285433308219,20230917,20230913
33435036605589477,20230607,20230913
33441514568901717,20230917,20230913
33505686728824629,20191014,20230913
33509150675201804,20220108,20230913
33512084144201783,20221212,20230913
33521509676474411,20221212,20230913
33527290777160784,20230702,20230913
33541897671561960,20230917,20230913
33603212156438463,20230917,20230913
33611155027418901,20230917,20230913
33626672012415176,20171212,20230913
33629260529503413,20230917,20230913
33658726815807637,20171213,20230913
33666678504801754,20220628,20230913
33677077231841786,20230515,20230913
33783140337377394,20230917,20230913
33808206014018431,20230917,20230913
33854964748757477,20230917,20230913
33878047680249697,20171212,20230913
33887145736684266,20220906,20230913
33889280063931972,20221212,20230913
33901868529485472,20230607,20230913
33931218652865616,20230917,20230913
34032872653290886,20230917,20230913
34058131978311520,20221212,20230913
34060717549874029,20210919,20230913
34060949638085542,20180610,20230913
34072858270659593,20220906,20230913
34144395039913458,20230522,20230913
34185897261926724,20230607,20230913
34186024944625724,20230917,20230913
34213522001938649,20230917,20230913
34295935482222451,20171212,20230913
34404581741939737,20200929,20230913
34408080767216529,20171212,20230913
34429961038727682,20221101,20230913
34432997122108874,20190417,20230913
34529951687571743,20220418,20230913
34540569618314880,20230917,20230913
34557241988629814,20230917,20230913
34565348191664379,20221212,20230913
34581754264880199,20230227,20230913
34621618468546063,20230917,20230913
34641719089573667,20230917,20230913
34650680906536449,20230108,20230913
34673681828119297,20230917,20230913
34718633636164421,20230821,20230913
34721884030854211,20230917,20230913
34743062472637188,20221212,20230913
34774414473029882,20200122,20230913
34781399928061406,20230902,20230913
34856765062083074,20230702,20230913
34890845654517313,20230917,20230913
34933520304408694,20221212,20230913
35000222122072953,20230607,20230913
35030544513071961,20220413,20230913
35110446324952410,20230607,20230913
35116791907608909,20210515,20230913
35140711032123895,20220525,20230913
35150770536114195,20230507,20230913
35158826900216508,20230917,20230913
35163287528816137,20230702,20230913
35178706978554988,20230917,20230913
35250743514276481,20180721,20230913
35282121039020302,20230917,20230913
35331248532537562,20230917,20230913
35346078651339725,20230628,20230913
35366681030756042,20230917,20230913
35369183060321179,20230917,20230913
35417318638809049,20180721,20230913
35424116338766901,20230917,20230913
35425587644337450,20230917,20230913
35445515321658835,20230123,20230913
35447985071122568,20230607,20230913
35478981890584027,20180721,20230913
35515916857426389,20230917,20230913
35541297751844500,20191014,20230913
35543935713999309,20230917,20230913
35547889621915737,20230702,20230913
35638104434369061,20180721,20230913
35651361860287187,20180721,20230913
35669480110084448,20230917,20230913
35700344742885862,20230917,20230913
35757904924364183,20180721,20230913
35796086458096255,20230917,20230913
35898516735559137,20180721,20230913
35948133957468680,20230917,20230913
35955196754615835,20211009,20230913
35964395659427029,20230917,20230913
35995426159395450,20190608,20230913
36019565007303075,20171213,20230913
36087495778905641,20230607,20230913
36110870923892956,20171213,20230913
36209883286223850,20220910,20230913
36235343945196457,20230917,20230913
36282416082320053,20230917,20230913
36293785932444419,20220425,20230913
36319830972593153,20171213,20230913
36469751685735891,20171212,20230913
36580207969487109,20230917,20230913
36592972482259020,20220906,20230913
36600889395640293,20200823,20230913
36609406760796639,20221212,20230913
36611841921720250,20230828,20230913
36665926415452955,20230702,20230913
36667862403660976,20220531,20230913
36671655475498480,20230917,20230913
36675444072965904,20190302,20230913
36683141669540406,20230826,20230913
36771749618541632,20171216,20230913
36773155987365094,20230917,20230913
36830514291646551,20230828,20230913
36844527173896115,20230917,20230913
36857080203588624,20230917,20230913
36899214178084525,20230917,20230913
36927349282989093,20200929,20230913
36995197800118822,20230917,20230913
37018498887928862,20200823,20230913
37073830945037165,20230227,20230913
37089148943784077,20230917,20230913
37115219225815800,20180721,20230913
37148101999680137,20230607,20230913
37163551945096882,20180721,20230913
37198734218751769,20200526,20230913
37204371816016200,20230917,20230913
37219684915629654,20180721,20230913
37222720235819361,20230227,20230913
37261000374418593,20230702,20230913
37278604854336035,20221212,20230913
37281199178613855,20230917,20230913
37284308569715577,20230917,20230913
37335595969902658,20221212,20230913
37350268082014292,20171213,20230913
37351190176977060,20230917,20230913
37389789764168256,20230917,20230913
37546444729935427,20230430,20230913
37577414956190228,20171213,20230913
37614886280396031,20230917,20230913
37631109616997982,20230917,20230913
37661500521100963,20230917,20230913
37724898467847184,20180721,20230913
37828981835497620,20230227,20230913
37842793167868642,20230917,20230913
37855916142092677,20230702,20230913
37868548258173059,20210908,20230913
37958857929299636,20221212,20230913
38005238879860126,20191014,20230913
38007943162762758,20221219,20230913
38084304113529336,20230917,20230913
38087994492605307,20180721,20230913
38098305751929548,20230607,20230913
38101196401916411,20220131,20230913
38179358042686391,20230917,20230913
38188825207508209,20230627,20230913
38206808400983052,20230607,20230913
38285971158073841,20220404,20230913
38286491789910203,20181008,20230913
38294891095078093,20230705,20230913
38356837895042988,20230515,20230913
38437201078089290,20230917,20230913
38547060135156069,20230917,20230913
38555056423456635,20230917,20230913
38568786927478796,20230917,20230913
38588870717714174,20180721,20230913
38713440086361985,20230227,20230913
38716226216369056,20220418,20230913
38738476064699383,20230917,20230913
38770731314949641,20180213,20230913
38956170478957312,20190908,20230913
38983168193319277,20230607,20230913
39023890840208765,20171213,20230913
39096909316684207,20230607,20230913
39116664428676213,20230917,20230913
39154317701922264,20221029,20230913
39258556256580392,20200526,20230913
39268464225075616,20221212,20230913
39299665139769418,20210919,20230913
39334266103484506,20230702,20230913
39348926601774626,20180721,20230913
39419948282087552,20220620,20230913
39436183727126211,20230917,20230913
39453972158399542,20230227,20230913
39481233087768672,20230917,20230913
39606634463891550,20230607,20230913
39610074039667804,20230917,20230913
39610317810712358,20221212,20230913
39633075506333957,20230607,20230913
39644291165016483,20220906,20230913
39683880301779506,20230830,20230913
39722227263011028,20230118,20230913
39751275523025334,20230917,20230913
39781392111264783,20230607,20230913
39801771451196931,20221212,20230913
39807886630843041,20230917,20230913
39835459206455554,20180721,20230913
39884565732277052,20230917,20230913
40004156358768554,20220906,20230913
40025799067544201,20230917,20230913
40029719755707991,20171213,20230913
40043919653526083,20230917,20230913
40118769556907353,20230717,20230913
40124428756742341,20230702,20230913
40149463639215650,20200526,20230913
40160367401651594,20221212,20230913
40210715138931726,20230917,20230913
40262275031537922,20230917,20230913
40348118513018291,20230607,20230913
40355846462826897,20171212,20230913
40364148586207685,20230515,20230913
40411155687541618,20230607,20230913
40411537531154482,20230917,20230913
40473515538481093,20230902,20230913
40505767672724777,20230917,20230913
40553302624764543,20230917,20230913
40611478183231802,20230917,20230913
40650252484299134,20230917,20230913
40665305835739122,20230702,20230913
40705964341422836,20230917,20230913
40808043719554948,20230917,20230913
40907790180697910,20230717,20230913
40912013421640684,20220418,20230913
41011426560490365,20230917,20230913
41024100982486985,20230703,20230913
41026060125059078,20171213,20230913
41048299027409941,20230917,20230913
41077203751935651,20180721,20230913
41122066907413786,20230917,20230913
41227201752535311,20230917,20230913
41228676018429540,20230819,20230913
41284516796232939,20230917,20230913
41286608288791633,20230227,20230913
41302553376174581,20230917,20230913
41317265011382362,20230114,20230913
41379697187196382,20230917,20230913
41625340598198551,20230917,20230913
41671888729109197,20230702,20230913
41673962293011307,20200929,20230913
41713045190742691,20230917,20230913
41733197666474598,20230701,20230913
41781090739318251,20230917,20230913
41796741644273824,20230917,20230913
41803502519297529,20230607,20230913
41807682439655536,20230607,20230913
41858326436945277,20230708,20230913
41867071915439180,20180721,20230913
41867092385281437,20171212,20230913
41870128250189290,20220316,20230913
41917042813192905,20230607,20230913
41927452991671109,20230515,20230913
41934470778361119,20171212,20230913
41935584690956944,20230917,20230913
41974758296041288,20230917,20230913
41997809087904044,20230607,20230913
42031056662310763,20200526,20230913
42049553761321495,20230917,20230913
42066300469778371,20230806,20230913
42070382870377817,20180721,20230913
42075223783409640,20230917,20230913
42164466034864936,20230917,20230913
42201186298844859,20171213,20230913
42230292145842208,20230111,20230913
42252159652497300,20180721,20230913
42255763746648766,20221212,20230913
42280484655926863,20230607,20230913
42387718866026650,20230917,20230913
42450147658559909,20181103,20230913
42470251469508137,20230917,20230913
42538255636473499,20230313,20230913
42546700252452484,20221212,20230913
42557549272795112,20230717,20230913
42576718434222894,20190608,20230913
42599305106713939,20230917,20230913
42670427020727409,20230702,20230913
42690477960659940,20230917,20230913
42696242981550091,20230917,20230913
42705920381780437,20230227,20230913
42728405194317370,20230607,20230913
42728652020661170,20230808,20230913
42787310594390551,20230703,20230913
42799209630949274,20230909,20230913
42892937789646488,20230829,20230913
42911811024354777,20230607,20230913
42965645001665951,20171213,20230913
43023243844297350,20230917,20230913
43026118635839182,20230917,20230913
43031843174445590,20230607,20230913
43039599691270215,20221212,20230913
43048496991450781,20221212,20230913
43062880954780884,20230917,20230913
43124071611770324,20171213,20230913
43218203615198604,20181211,20230913
43256212620530446,20230917,20230913
43267179898797137,20230702,20230913
43283802997035462,20230917,20230913
43291783149314349,20230917,20230913
43319345548600453,20230702,20230913
43341623113615869,20210419,20230913
43342306308122676,20230917,20230913
43356147887115191,20180721,20230913
43356599956782034,20230603,20230913
43362635835198978,20230917,20230913
43374709930371268,20230917,20230913
43443105991896600,20230227,20230913
43455612336353491,20230514,20230913
43472427638799679,20220221,20230913
43492166933384891,20180721,20230913
43501047082635150,20220327,20230913
43545527030854340,20230917,20230913
43552974795606067,20230917,20230913
43588544194911344,20220627,20230913
43622578471330344,20230917,20230913
43631077248870478,20230607,20230913
43638198413087069,20180721,20230913
43667708360002073,20190818,20230913
43685683301327984,20180721,20230913
43700005955291201,20230717,20230913
43716452378323683,20230917,20230913
43740308126125261,20190513,20230913
43744434426208107,20230917,20230913
43749359039031456,20221212,20230913
43754960038275285,20171212,20230913
43777880972938815,20230117,20230913
43781018754867729,20230917,20230913
43801363961831435,20221212,20230913
43819666770836613,20180721,20230913
43899356698433325,20180721,20230913
43913530989262989,20230917,20230913
43951910415124966,20230917,20230913
43966385447049549,20230917,20230913
43969323260064775,20221212,20230913
44013656953678055,20230917,20230913
44044099995610836,20230607,20230913
44052047028305231,20230917,20230913
44085215605888444,20181007,20230913
44136810697816619,20230702,20230913
44153164692325703,20230917,20230913
44166254491540191,20221126,20230913
44187056333190584,20230917,20230913
44275397707148088,20180721,20230913
44296315953738727,20230917,20230913
44345102023100322,20230917,20230913
44367107723927413,20180721,20230913
44384450315448120,20220418,20230913
44411078630612905,20230917,20230913
44549439964296944,20230917,20230913
44558786393585356,20230909,20230913
44615096489378579,20200919,20230913
44625249840480397,20230917,20230913
44661768248917647,20190908,20230913
44665761767777759,20230917,20230913
44678870441030319,20230114,20230913
44695788516448603,20230607,20230913
44723997362573824,20180910,20230913
44803604983135337,20230917,20230913
44818950263583523,20230917,20230913
44846320603450383,20230917,20230913
44850033148208596,20230917,20230913
44891482026867833,20230917,20230913
44894482408367404,20180721,20230913
44895110556584998,20230607,20230913
44902394582885206,20230607,20230913
44907448892538613,20230702,20230913
44912505069682468,20230829,20230913
44967158778304588,20230917,20230913
44969149970836673,20190430,20230913
44973596387994711,20220906,20230913
44986797317463049,20230917,20230913
45042869458982253,20221212,20230913
45050389997905274,20230917,20230913
45062188442385800,20230917,20230913
45066064863062755,20230917,20230913
45097391187425276,20211009,20230913
45104299259467366,20221217,20230913
45114894022818184,20221030,20230913
45174198424472334,20230917,20230913
45205530868811305,20230917,20230913
45228787423326286,20200930,20230913
45231878301843366,20171213,20230913
45264574287939155,20180721,20230913
45274536193671801,20230607,20230913
45284437689973094,20230607,20230913
45284811973404357,20230702,20230913
45353549301778828,20220906,20230913
45353845483523901,20230917,20230913
45358789705522696,20180721,20230913
45388698547770204,20180721,20230913
45392752356003555,20230917,20230913
45446499784751546,20180721,20230913
45452221088910484,20230227,20230913
45502027787448135,20230917,20230913
45507655586782998,20230917,20230913
45518744711972166,20230917,20230913
45519261544951819,20230917,20230913
45566344029115339,20230220,20230913
45608932669358493,20230917,20230913
45641540066710190,20230917,20230913
45727447257267582,20171213,20230913
45728383369147894,20230227,20230913
45736528102248622,20220412,20230913
45747858932368314,20191204,20230913
45768538238520265,20171213,20230913
45773033191005647,20220530,20230913
45895339414786358,20230917,20230913
45991797190214892,20230917,20230913
46023027311928862,20171213,20230913
46069620491073195,20230717,20230913
46076374819966521,20230607,20230913
46167643644457680,20211206,20230913
46178280540110577,20230917,20230913
46203760288181283,20230607,20230913
46247216629420121,20210815,20230913
46262771961973371,20230114,20230913
46270513972980340,20191014,20230913
46305227678799659,20180721,20230913
46342955726788357,20171213,20230913
46348559193224090,20230917,20230913
46428732946520536,20190112,20230913
46435139220938109,20221212,20230913
46528981755590638,20230319,20230913
46629374720083542,20171226,20230913
46700660505281786,20230410,20230913
46741025610365786,20230917,20230913
46744493177068249,20230801,20230913
46752599569017089,20230917,20230913
46773487536596471,20200526,20230913
46784744534299861,20220906,20230913
46801030346547943,20230917,20230913
46820237871803554,20230917,20230913
46830341954511303,20230917,20230913
46878429508891351,20230917,20230913
46982154647719707,20230917,20230913
47000136276505545,20210825,20230913
47026464823464687,20230917,20230913
47041908051542008,20220906,20230913
47101579271117172,20230702,20230913
47125023640770480,20220906,20230913
47232550823972469,20230917,20230913
47233872677452574,20171212,20230913
47302318535715632,20230917,20230913
47333458678352378,20230917,20230913
47348197320716810,20230917,20230913
47362853625306007,20230917,20230913
47377315952751604,20230917,20230913
47415456025309183,20171213,20230913
47484909397760341,20230607,20230913
47555909483877660,20190310,20230913
47557682570854233,20230607,20230913
47563321799863211,20230917,20230913
47682749782963302,20230917,20230913
47702059190622416,20230917,20230913
47711486462334897,20200818,20230913
47749661205825616,20230917,20230913
47756003257788498,20230917,20230913
47797676603278665,20230917,20230913
47818154048055717,20230607,20230913
47827701898502941,20200607,20230913
47841327496247362,20230917,20230913
47883592226425713,20230607,20230913
47931755217693300,20230111,20230913
47946228513774508,20171213,20230913
47973532381204870,20230917,20230913
47996917271187218,20230917,20230913
48004422159326848,20230607,20230913
48010225447410247,20230917,20230913
48020123520149025,20230607,20230913
48043180063638654,20230702,20230913
48045086469637559,20180721,20230913
48096312884064383,20230315,20230913
48241092863917835,20230917,20230913
48261930411425125,20230917,20230913
48287670503317419,20230917,20230913
48287767791629523,20230702,20230913
48305002535402787,20180721,20230913
48367810585819465,20230828,20230913
48393054214913539,20180721,20230913
48424973017498692,20171213,20230913
48456605452591386,20221212,20230913
48457557221009333,20230917,20230913
48511238766369097,20230917,20230913
48557136219738552,20230607,20230913
48619517949257749,20230917,20230913
48623320733330408,20230917,20230913
48636523343139021,20230917,20230913
48711738663090812,20230215,20230913
48731351079431981,20221212,20230913
48753732042176709,20230917,20230913
48771123304040433,20220906,20230913
48790611518003126,20230917,20230913
48815536392499990,20220418,20230913
48818952524587858,20221213,20230913
48879205486884942,20220213,20230913
48926251886441092,20211009,20230913
48970598895465763,20230607,20230913
48976227203428731,20190908,20230913
48981174642799639,20200310,20230913
48990026850202503,20230917,20230913
48993230008229282,20201026,20230913
49040900499589053,20221212,20230913
49054891736433700,20230917,20230913
49129081625829210,20230917,20230913
49147291134983562,20230607,20230913
49162651621689655,20230607,20230913
49163985123560149,20230729,20230913
49188729526980541,20230917,20230913
49223496739728165,20221212,20230913
49270349234092953,20230917,20230913
49281976026703758,20190128,20230913
49314473879228515,20230607,20230913
49353447565507376,20230917,20230913
49361140703966185,20180505,20230913
49384226669172647,20171213,20230913
49399017998386087,20230917,20230913
49421436115732443,20220906,20230913
49502666250908008,20230917,20230913
49507346707445426,20221212,20230913
49532101082369992,20230419,20230913
49579049405614711,20171213,20230913
49613772749166261,20220125,20230913
49627523909849331,20230917,20230913
49632601495766480,20230917,20230913
49641108336531623,20230917,20230913
49674915481184052,20230917,20230913
49762562284200125,20171213,20230913
49833701464974054,20230828,20230913
49854144784855542,20230917,20230913
49856142659693686,20230717,20230913
49953653111442595,20230917,20230913
49957840920897268,20221212,20230913
49974085114922504,20230607,20230913
50002340308486819,20230917,20230913
50022794283500020,20220319,20230913
50026314345467725,20180721,20230913
50078008711851770,20180721,20230913
50094941173290382,20221217,20230913
50100062518826135,20230917,20230913
50117925085549635,20230917,20230913
50139638026536387,20220906,20230913
50185721305191887,20230917,20230913
50193280705263642,20171213,20230913
50201903966895115,20230507,20230913
50220277245668448,20180721,20230913
50235687797910703,20221212,20230913
50247622569476338,20230917,20230913
50298041107397493,20230607,20230913
50341528161302545,20230917,20230913
50368344235826302,20230917,20230913
50374488794681480,20220205,20230913
50377086180764587,20220418,20230913
50426013665901691,20230730,20230913
50463073556719050,20230607,20230913
50503654866742146,20230227,20230913
50535512872751713,20221212,20230913
50580753680043015,20230917,20230913
50587892784913370,20230917,20230913
50633804639547462,20230917,20230913
50652985928800943,20230917,20230913
50689220001642146,20230702,20230913
50699559451393289,20230702,20230913
50705217804641778,20221212,20230913
50722377181482963,20221129,20230913
50792786683910016,20230917,20230913
50821190799587166,20221212,20230913
50901262974265397,20180721,20230913
50938045692990664,20221212,20230913
51017863148152520,20230917,20230913
51063357877632134,20230627,20230913
51073428633906823,20180901,20230913
51092769343033536,20230607,20230913
51101768177740097,20230607,20230913
51106317433079213,20230917,20230913
51106984962133628,20230702,20230913
51185499879934793,20230917,20230913
51200575796028449,20230130,20230913
51223970438582603,20171213,20230913
51244286061307960,20230522,20230913
51285326016186930,20230823,20230913
51294484197536070,20230917,20230913
51298991395782823,20221212,20230913
51360499382537160,20230702,20230913
51379017087081407,20230917,20230913
51405221143882222,20230508,20230913
51425045171148290,20230828,20230913
51429911704474163,20220518,20230913
51443230896454947,20221212,20230913
51459202425114449,20230917,20230913
51498801962232097,20220906,20230913
51598612965038612,20230607,20230913
51617145873056483,20230917,20230913
51687219190317608,20230607,20230913
51694805797314643,20180721,20230913
51711424006096969,20221212,20230913
51735225291852050,20230607,20230913
51737107023437908,20230417,20230913
51758790788563333,20220725,20230913
51971068201094874,20230917,20230913
52011547716040734,20230717,20230913
52020245522274562,20180721,20230913
52139501202126140,20171213,20230913
52189622823343131,20200406,20230913
52220424531578944,20230917,20230913
52232388263291380,20230917,20230913
52382684379473036,20230917,20230913
52455922800537930,20230917,20230913
52492534295722070,20230815,20230913
52524682936687613,20221212,20230913
52593789542874668,20230917,20230913
52620240501253486,20180721,20230913
52673792913945555,20221212,20230913
52675650218385169,20230110,20230913
52697925679553303,20221212,20230913
52699075188861283,20230717,20230913
52792903131341205,20230917,20230913
52807150934521568,20201014,20230913
52846735736632974,20230314,20230913
52888670015136433,20180721,20230913
52894922031595796,20230917,20230913
52909696671667929,20230607,20230913
52926262870725809,20180721,20230913
52927543777190153,20180721,20230913
52932092555708556,20230917,20230913
53014383313133559,20230607,20230913
53113471126689455,20230917,20230913
53120329791933060,20230917,20230913
53145304508578701,20230227,20230913
53204330224889981,20230917,20230913
53249498382937694,20200823,20230913
53251602435454519,20230227,20230913
53295835881618508,20230220,20230913
53334304751609770,20230917,20230913
53373305024733919,20221225,20230913
53374821490063799,20230614,20230913
53400427775467639,20230607,20230913
53419976284977130,20230722,20230913
53449700212786324,20230917,20230913
53462518979307111,20230607,20230913
53482856220074779,20200912,20230913
53536131398384570,20220510,20230913
53647874954005806,20230917,20230913
53686258677793038,20230917,20230913
53697601723435147,20171213,20230913
53716725737664022,20230917,20230913
53801616577617761,20230523,20230913
53807782064428635,20180722,20230913
53866595272348310,20230702,20230913
53892173815383358,20230702,20230913
53915437733679761,20221212,20230913
53927012819019802,20230607,20230913
53932269673520256,20171213,20230913
53986010692093246,20180721,20230913
53999651992586159,20230917,20230913
54027919601285197,20220108,20230913
54053854067822620,20230917,20230913
54257928844419498,20230702,20230913
54263829393913132,20230917,20230913
54277068923045214,20230917,20230913
54287510798838485,20230808,20230913
54299437423394846,20190918,20230913
54347553615590049,20180721,20230913
54369290104873523,20230917,20230913
54372655446088782,20180721,20230913
54419429862704331,20230917,20230913
54424603805821073,20200610,20230913
54482686501491508,20230917,20230913
54493234408301135,20230917,20230913
54509759694064219,20230917,20230913
54623120833530787,20180721,20230913
54676885047867737,20230917,20230913
54711449369613330,20190428,20230913
54715710303837090,20230917,20230913
54751764837456095,20180721,20230913
54769454583396993,20230702,20230913
54843635503648458,20171213,20230913
54882843915599119,20221212,20230913
54923880579706832,20180721,20230913
55042339780346549,20171213,20230913
55070742656326885,20230702,20230913
55109311702773448,20230607,20230913
55127657985997520,20230917,20230913
55137475882192824,20190908,20230913
55172749623656170,20230607,20230913
55201604487356053,20230917,20230913
55205982891279789,20230627,20230913
55254206302462116,20230917,20230913
55274159604040834,20200929,20230913
55289848471625247,20230917,20230913
55308018877404137,20230710,20230913
55316378222036201,20230702,20230913
55373808401388162,20230917,20230913
55490250330757201,20210126,20230913
55530995590147831,20220906,20230913
55557065724040483,20230826,20230913
55622199783443721,20220730,20230913
55626190083788703,20230917,20230913
55650431015498861,20220906,20230913
55754760645110125,20230917,20230913
55756944347888474,20230828,20230913
55762194089511598,20230607,20230913
55805786346373708,20230723,20230913
55835844673424212,20230717,20230913
55850912428859273,20230917,20230913
55862580907068610,20230917,20230913
55879759904088706,20230917,20230913
55897939403232751,20230917,20230913
55906836177528951,20220103,20230913
55916539620839777,20230917,20230913
55924039170758349,20220906,20230913
55942420731425948,20230607,20230913
55959112038778737,20230917,20230913
55963441389800122,20210207,20230913
55979741213594029,20230917,20230913
56006915451245411,20230917,20230913
56033738624803469,20221212,20230913
56116252806979740,20230617,20230913
56130915871324783,20230814,20230913
56230353632302032,20230607,20230913
56262208197643515,20230626,20230913
56324206651661881,20230917,20230913
56344907495802692,20230708,20230913
56366970483082503,20230710,20230913
56375665074210467,20230917,20230913
56429431740318486,20230917,20230913
56441765097666023,20230617,20230913
56449205771773651,20200929,20230913
56480311926779560,20230816,20230913
56523876503932407,20230607,20230913
56550776668133562,20230917,20230913
56572417882819500,20220730,20230913
56574323121551263,20230917,20230913
56591881518499520,20230917,20230913
56656390637511014,20180721,20230913
56661108161921677,20210425,20230913
56717416662584054,20230917,20230913
56772105873719945,20211030,20230913
56798822689379375,20230917,20230913
56802926348928053,20230917,20230913
56820995669577571,20230917,20230913
56871139881800017,20230806,20230913
56881008607657214,20180721,20230913
56881993417852599,20230702,20230913
56918976818189623,20180721,20230913
56954020142895515,20220418,20230913
56955187872206074,20180910,20230913
57005100184766878,20230628,20230913
57007700552650971,20230111,20230913
57027493672958737,20191014,20230913
57076944665294912,20221212,20230913
57086055330734195,20230917,20230913
57139694841580593,20200526,20230913
57273529732791251,20230917,20230913
57295057787011214,20230607,20230913
57300230097485720,20230917,20230913
57302886786783094,20230607,20230913
57309221039930244,20230917,20230913
57350511580537603,20210825,20230913
57387658155768357,20230607,20230913
57395291357606965,20210914,20230913
57424362806755583,20230917,20230913
57440811889769541,20201004,20230913
57474654408676379,20230607,20230913
57487343869808400,20221212,20230913
57498323844693360,20230917,20230913
57513265745691613,20191005,20230913
57524237583720590,20180721,20230913
57551382352708199,20230108,20230913
57584978137623518,20230607,20230913
57585821705408565,20230515,20230913
57600064931636077,20230917,20230913
57616105980228781,20210829,20230913
57639364758870873,20230917,20230913
57722642338781674,20230917,20230913
57728534324022361,20230702,20230913
57731325451718490,20180721,20230913
57743663132185249,20221212,20230913
57761388729898548,20230709,20230913
57789973477176391,20230828,20230913
57822184818053480,20230319,20230913
57867164060854300,20180721,20230913
57875847776839336,20230917,20230913
57944184894703821,20230917,20230913
58000772709340489,20230716,20230913
58024357149774390,20190708,20230913
58035444268544991,20230917,20230913
58134872797540565,20221212,20230913
58180284328186631,20230917,20230913
58198007384583512,20171213,20230913
58208801871943418,20180721,20230913
58231368623465359,20171212,20230913
58242024190036642,20200823,20230913
58330599921175874,20191014,20230913
58350758724585444,20180721,20230913
58356374066358100,20230917,20230913
58358543014279572,20230917,20230913
58440550086834602,20171212,20230913
58474277119959628,20230702,20230913
58482817740704549,20230917,20230913
58506711606206967,20230607,20230913
58514988269776425,20230214,20230913
58602432837130018,20230917,20230913
58634422155366009,20220108,20230913
58741071099161284,20230917,20230913
58741156544596000,20210825,20230913
58789178087946067,20220906,20230913
58810336532668771,20230917,20230913
58844198664910839,20220507,20230913
58852293795036597,20220906,20230913
58873907630765023,20230917,20230913
58903026391426893,20181219,20230913
58931793851445922,20230917,20230913
58965710006903807,20230515,20230913
58999969923044052,20230607,20230913
59061939785593482,20210530,20230913
59105676994811497,20171213,20230913
59126748623623056,20220910,20230913
59142194115401696,20230917,20230913
59217041815333317,20230917,20230913
59235923797304333,20220418,20230913
59266699437480384,20230917,20230913
59288237226302898,20171212,20230913
59298826747161711,20180721,20230913
59342912854668427,20230917,20230913
59430351461797798,20180904,20230913
59461185672081215,20230917,20230913
59462881877083131,20230917,20230913
59463449825542330,20180721,20230913
59470107928175959,20230917,20230913
59486059679335017,20230917,20230913
59525964192678026,20200823,20230913
59598228906194285,20221212,20230913
59598536122397373,20230702,20230913
59607545337891226,20230917,20230913
59612098290740355,20230917,20230913
59652306881376415,20230917,20230913
59735609117437896,20230709,20230913
59800986739603675,20230917,20230913
59816244739292046,20230717,20230913
59839275647597021,20230917,20230913
59840396165922212,20230607,20230913
59848307608894801,20230917,20230913
59866041653103343,20230917,20230913
59887423232292688,20230917,20230913
59887874326934221,20171213,20230913
59921975187856916,20230917,20230913
59957747873181306,20180821,20230913
59961449322636291,20190908,20230913
60009239552750339,20230702,20230913
60033765964806119,20230911,20230913
60079434631497942,20230917,20230913
60094778616664092,20230821,20230913
60115610575552097,20230702,20230913
60162288821230099,20230917,20230913
60247433951600827,20230917,20230913
60276690980289841,20230716,20230913
60289595205403229,20230917,20230913
60291277831730027,20200406,20230913
60326793235703126,20221212,20230913
60350996279289099,20230917,20230913
60451823714332895,20230917,20230913
60523145697836739,20230917,20230913
60547219224791830,20221212,20230913
60599922282667900,20221212,20230913
60610861509165508,20230917,20230913
60633055620418060,20230917,20230913
60654872678917533,20230917,20230913
60766200291064340,20230206,20230913
60767592882123239,20180721,20230913
60783654574662426,20230917,20230913
60847854898533511,20230717,20230913
60887982279284651,20230917,20230913
60922405920742986,20230607,20230913
60978516449331479,20230607,20230913
61024703979802025,20220906,20230913
61085772216153547,20230917,20230913
61097581779805755,20221023,20230913
61102694810476197,20230917,20230913
61123415570859859,20230607,20230913
61128882423587976,20230607,20230913
61129444668227241,20221217,20230913
61145626707534466,20230607,20230913
61170189647376533,20220906,20230913
61247168213690670,20171212,20230913
61265100181977543,20230227,20230913
61298636307861167,20230917,20230913
61307421808829831,20221212,20230913
61332057061846617,20230917,20230913
61399677811943715,20191014,20230913
61424048886782950,20180721,20230913
61469668095573716,20230917,20230913
61506294208022391,20230917,20230913
61506473958237003,20230702,20230913
61581369333689993,20230111,20230913
61664227282090067,20230917,20230913
61672349869968908,20190723,20230913
61704081214633396,20221212,20230913
61731388465798074,20230607,20230913
61769980139345346,20230607,20230913
61848754958448778,20171212,20230913
61854158515309682,20180721,20230913
61948819034785721,20221212,20230913
61951543013892913,20180721,20230913
61953785757685638,20190811,20230913
61970711726059526,20180910,20230913
61978776664766359,20230917,20230913
61985386521682984,20171213,20230913
61992978919342064,20210419,20230913
62012736978844991,20230702,20230913
62107151670661969,20230917,20230913
62112755518938806,20230607,20230913
62113086389760694,20210906,20230913
62163307327505842,20230717,20230913
62177651435283872,20230917,20230913
62213941696841599,20210126,20230913
62221150547292335,20230614,20230913
62235397452612911,20230227,20230913
62258804563636993,20230917,20230913
62275280734625819,20171213,20230913
62310858666404704,20230917,20230913
62335410549871018,20180721,20230913
62346804681275278,20230917,20230913
62404730109947970,20230917,20230913
62482979875800546,20230607,20230913
62535800667941010,20200607,20230913
62558705479545830,20230917,20230913
62575434414985179,20220906,20230913
62603302940123327,20230917,20230913
62646814643945739,20190908,20230913
62657468447101257,20230607,20230913
62691002126902464,20171212,20230913
62697916952943808,20230607,20230913
62708526880913292,20230709,20230913
62752761908615603,20171212,20230913
62781722479769997,20180110,20230913
62786156501584862,20230917,20230913
62810990108260391,20230917,20230913
62845384302495432,20220906,20230913
62952165421099192,20230917,20230913
62976078864310826,20210810,20230913
62977319271289925,20230917,20230913
63084741752814852,20230917,20230913
63178552116864821,20221115,20230913
63190039561056038,20171223,20230913
63212568428266707,20230607,20230913
63231914772162120,20220418,20230913
63252585459649141,20230607,20230913
63257581642957045,20230815,20230913
63310105340116493,20200226,20230913
63315013743060811,20230917,20230913
63349738932971032,20221129,20230913
63363116407864462,20230917,20230913
63380098535169030,20230917,20230913
63452629875913229,20171213,20230913
63481599728522324,20230917,20230913
63499217872110599,20230917,20230913
63531021766590755,20230917,20230913
63552922113415543,20210530,20230913
63563137542184264,20220108,20230913
63570910379296908,20230917,20230913
63580313877463104,20230917,20230913
63609792127572476,20230607,20230913
63679592178109910,20230917,20230913
63689155520282158,20171213,20230913
63704201144621295,20230917,20230913
63830424809501048,20230917,20230913
63888998422355039,20230515,20230913
63915926161403347,20230917,20230913
63917421733088077,20230917,20230913
63935385130969014,20230723,20230913
63965059137798192,20230917,20230913
64124003812404302,20230314,20230913
64147416931510702,20221212,20230913
64155926828410021,20230917,20230913
64216772923447100,20230911,20230913
64217006537761390,20230917,20230913
64277529720340548,20180721,20230913
64298008532791199,20230917,20230913
64341992373049080,20230917,20230913
64358061873294912,20230917,20230913
64375097205269506,20230725,20230913
64398752936726842,20230607,20230913
64463015242763957,20230708,20230913
64485827086284311,20230917,20230913
64536596666647539,20230607,20230913
64619251116188373,20230917,20230913
64699417405634265,20230917,20230913
64703398743024121,20230917,20230913
64707090254488560,20230917,20230913
64749875350678762,20180721,20230913
64758051860621791,20230717,20230913
64830219968399810,20230903,20230913
64842837716888827,20230917,20230913
64843936383937546,20230917,20230913
64942549055019553,20230227,20230913
64961422995450699,20220906,20230913
64965125353117675,20220525,20230913
64973252728260903,20230917,20230913
64995030083251905,20200406,20230913
65004959184388996,20230917,20230913
65018804181564924,20230917,20230913
65023851436340574,20230227,20230913
65025801939466586,20190908,20230913
65041567577976981,20230917,20230913
65076753814657179,20230607,20230913
65105171282116087,20230903,20230913
65109705130666913,20180721,20230913
65122215875355555,20230917,20230913
65249046611427924,20230227,20230913
65266756318187150,20230717,20230913
65274156746735225,20211218,20230913
65321970913593427,20230917,20230913
65339948604901401,20221212,20230913
65362757179367923,20210912,20230913
65363650356110758,20180721,20230913
65367224352535772,20230607,20230913
65372898104738885,20221212,20230913
65399177481731892,20230607,20230913
65414507129586385,20230917,20230913
65472108074101196,20230212,20230913
65490886290565185,20230917,20230913
65576885779918210,20220906,20230913
65614373112361128,20200823,20230913
65658464061006386,20211222,20230913
65671173927025645,20230917,20230913
65675836323214668,20210109,20230913
65676208671737936,20220906,20230913
65774725600261203,20230917,20230913
65801733033187418,20221212,20230913
65826018889855636,20200421,20230913
65836038919989820,20230111,20230913
65883838195688438,20230917,20230913
65890979512650954,20180721,20230913
65913670626064922,20230702,20230913
65916883530316213,20230111,20230913
65932581790240568,20210530,20230913
65985619452718369,20220906,20230913
65986638607018835,20190513,20230913
65996297871759754,20221212,20230913
65999092673039059,20230917,20230913
66021783818850713,20230917,20230913
66036975502302203,20230227,20230913
66105959479616770,20230429,20230913
66127247173352975,20230917,20230913
66130788425543684,20221212,20230913
66142616039907394,20230917,20230913
66157884725832683,20230702,20230913
66183408418816482,20210718,20230913
66191028275418950,20210710,20230913
66210395067138534,20230917,20230913
66224268885633419,20230607,20230913
66234625721697786,20171213,20230913
66240430785255272,20230227,20230913
66252526996639483,20230710,20230913
66295665969375744,20230917,20230913
66315581735594751,20230917,20230913
66334522337525129,20180721,20230913
66424163876658304,20230917,20230913
66450490505950110,20230917,20230913
66456062140680461,20230917,20230913
66492965118417192,20180721,20230913
66514709341259550,20230917,20230913
66599109405217136,20230917,20230913
66623036435820019,20190908,20230913
66630516232885208,20230111,20230913
66643284949247248,20230917,20230913
66668962036864944,20220108,20230913
66682662312253625,20220906,20230913
66687959964607107,20230607,20230913
66701874099226162,20230917,20230913
66721204145017523,20220906,20230913
66726992874614788,20230917,20230913
66733343177003497,20171213,20230913
66766792660974984,20190716,20230913
66772024744156373,20230917,20230913
66818022341772870,20230702,20230913
66830065858417081,20230917,20230913
66842081487196389,20181211,20230913
66862855436943996,20220418,20230913
66896068357534899,20221212,20230913
66974398910717440,20230902,20230913
67030488744129337,20230917,20230913
67073295895957349,20211226,20230913
67076027130284998,20230502,20230913
67083516977047564,20201101,20230913
67126881188552864,20230917,20230913
67130298613737946,20171213,20230913
67170215467608124,20230917,20230913
67205438292564739,20220418,20230913
67206358287598044,20230917,20230913
67213778593531096,20230917,20230913
67223870501587101,20220730,20230913
67293053847780742,20180912,20230913
67327029014085707,20230917,20230913
67337799462256399,20171213,20230913
67424359693542598,20211009,20230913
67491163253346186,20220828,20230913
67522512921942106,20220906,20230913
67526366820181168,20180721,20230913
67535111875054076,20180721,20230913
67675656072510693,20230227,20230913
67682387713029178,20230111,20230913
67690708346979840,20230917,20230913
67717913151786055,20230813,20230913
67744724115735698,20211222,20230913
67848668655856416,20230607,20230913
67947571227001437,20230903,20230913
67979306676078989,20230530,20230913
67988012428906654,20230917,20230913
68002468728896305,20171213,20230913
68033471168853004,20230917,20230913
68035927975704426,20230917,20230913
68109756920100427,20230607,20230913
68117765376081366,20230917,20230913
68203878405672734,20230227,20230913
68231984905144960,20210116,20230913
68250192165442911,20220906,20230913
68310039013169261,20230723,20230913
68337207779130851,20180721,20230913
68401823142877063,20230702,20230913
68404094821755424,20230717,20230913
68429446337737591,20230607,20230913
68458335399886534,20220906,20230913
68485420419566883,20220822,20230913
68488673556087148,20230917,20230913
68508064384550494,20230905,20230913
68517032834363488,20230917,20230913
68604686987554533,20200218,20230913
68626042454281601,20230607,20230913
68629328102697289,20191014,20230913
68635710163497089,20230917,20230913
68644622102682218,20230917,20230913
68708769838923502,20171213,20230913
68725299442421022,20230607,20230913
68798377122760225,20210120,20230913
68870496728320072,20230917,20230913
68882686368743821,20230809,20230913
68890878790107680,20220803,20230913
68902730683412061,20230607,20230913
68909035712962732,20230917,20230913
68923188291458394,20180721,20230913
68931850646832531,20230917,20230913
68941822863885255,20230917,20230913
68954282072063365,20201102,20230913
68980134713666314,20180721,20230913
68995806996389257,20180721,20230913
69018118187907177,20210207,20230913
69067576215760005,20220906,20230913
69090868458637360,20230917,20230913
69143674941561637,20230917,20230913
69157168851466086,20190908,20230913
69171897374421261,20230917,20230913
69192306313524921,20230607,20230913
69306841376553334,20171212,20230913
69346121151684830,20230607,20230913
69375777591993444,20210908,20230913
69377916525018465,20220125,20230913
69399924050316081,20230702,20230913
69446612239102459,20230917,20230913
69454539056549106,20230917,20230913
69465793209205703,20180721,20230913
69472361926040823,20230917,20230913
69480067550209022,20230607,20230913
69540585676934415,20230917,20230913
69569067443305938,20180721,20230913
69649888650603036,20230717,20230913
69685517156367976,20230717,20230913
69706833029046389,20230128,20230913
69719691092117836,20180721,20230913
69723868583662174,20220906,20230913
69817338460284329,20230917,20230913
69847139870135237,20230917,20230913
69858202392669780,20200520,20230913
69882333653254165,20230717,20230913
69904617508102874,20230917,20230913
69932667409721265,20171212,20230913
70071965830997187,20230607,20230913
70077233737515808,20171212,20230913
70077718812239609,20221212,20230913
70131166122617924,20180721,20230913
70213691654258282,20200804,20230913
70219663893822560,20230917,20230913
70270965300262393,20230917,20230913
70285718545443099,20221212,20230913
70289374539527245,20230917,20230913
70309338813767186,20230917,20230913
70335773040403695,20220418,20230913
70391097626818082,20230917,20230913
70474983732269112,20230917,20230913
70480481633645190,20211009,20230913
70498485598181604,20230917,20230913
70528526190252660,20211009,20230913
70541934393301867,20230227,20230913
70595828753641750,20230227,20230913
70657803623349012,20211009,20230913
70698996132397388,20230625,20230913
70718604552494663,20180721,20230913
70841787274602388,20180721,20230913
70857753254366186,20230917,20230913
70883594945615893,20230917,20230913
70884918776822518,20230607,20230913
70885929611298658,20200823,20230913
70934270174405743,20230917,20230913
70967527013451633,20220525,20230913
70989890248767040,20180721,20230913
71068313834275501,20230917,20230913
71076372178147339,20230702,20230913
71086267369556869,20180721,20230913
71116782156928366,20190908,20230913
71186910349639777,20220125,20230913
71258889045038620,20230607,20230913
71281455914456043,20230917,20230913
71290297158948749,20230917,20230913
71335098849021006,20230917,20230913
71417521805138182,20230607,20230913
71429146297698274,20230520,20230913
71455937258130874,20230607,20230913
71479348014961494,20230607,20230913
71483646978964608,20230917,20230913
71510396252618330,20230917,20230913
71523986304961239,20230917,20230913
71577346467108601,20221212,20230913
71591568822900804,20230326,20230913
71633717330353903,20190908,20230913
71666521540545716,20230917,20230913
71672399601682259,20220906,20230913
71704845530629737,20171212,20230913
71744682148776880,20230917,20230913
71758511001096824,20230917,20230913
71772000724177515,20210207,20230913
71820158692435620,20230607,20230913
71843282162462661,20230702,20230913
71856634742001725,20230917,20230913
71901111301490182,20190608,20230913
71945594172117613,20230423,20230913
71957984642204570,20230917,20230913
71980027636215726,20230207,20230913
71986390061229445,20230702,20230913
72002976013856737,20171212,20230913
72044846109864381,20230917,20230913
